country,auth_rate,txn_cnt
IN,0.7303141574867401,2451
DE,0.7484035759897829,783
BR,0.7579522862823062,2012
US,0.8841772151898735,1580
SG,0.9088586030664395,1174
