psp_name,auth_rate,txn_cnt
Checkout,0.7843065693430656,2740
Adyen,0.7991615853658537,2624
Stripe,0.8038694992412747,2636
