country,auth_rate,txn_cnt
IN,0.3333333333333333,9
DE,0.3333333333333333,3
BR,0.5,8
US,1.0,3
SG,1.0,1
